{
    "eval_accuracy": 0.2224609634725887,
    "eval_loss": 4.705897331237793,
    "eval_runtime": 29.3746,
    "eval_samples": 419,
    "eval_samples_per_second": 14.264,
    "eval_steps_per_second": 0.919,
    "perplexity": 110.59748301038192
}