{
    "eval_accuracy": 0.06688547513157639,
    "eval_loss": 13.487690925598145,
    "eval_runtime": 4.9741,
    "eval_samples": 151,
    "eval_samples_per_second": 30.357,
    "eval_steps_per_second": 2.01,
    "perplexity": 720492.9615969969
}