{
    "eval_accuracy": 0.19777807328812025,
    "eval_loss": 5.076407432556152,
    "eval_runtime": 57.5387,
    "eval_samples": 419,
    "eval_samples_per_second": 7.282,
    "eval_steps_per_second": 0.469,
    "perplexity": 160.19750056658557
}