{
    "eval_accuracy": 0.20171006607073455,
    "eval_loss": 7.390074729919434,
    "eval_runtime": 86.2529,
    "eval_samples": 249,
    "eval_samples_per_second": 2.887,
    "eval_steps_per_second": 0.186,
    "perplexity": 1619.8271579638065
}