{
    "eval_accuracy": 0.2623828554231203,
    "eval_loss": 4.973572254180908,
    "eval_runtime": 13.136,
    "eval_samples": 419,
    "eval_samples_per_second": 31.897,
    "eval_steps_per_second": 7.993,
    "perplexity": 144.54230808027867
}