{
    "eval_accuracy": 0.05333064702678098,
    "eval_loss": 8.569275856018066,
    "eval_runtime": 4.824,
    "eval_samples": 131,
    "eval_samples_per_second": 27.156,
    "eval_steps_per_second": 1.866,
    "perplexity": 5267.314114994416
}