{
    "eval_accuracy": 0.4995313024321209,
    "eval_loss": 2.3574907779693604,
    "eval_runtime": 380.897,
    "eval_samples": 536,
    "eval_samples_per_second": 1.407,
    "eval_steps_per_second": 0.352,
    "perplexity": 10.56440971720328
}