{
    "eval_accuracy": 0.4608938445601902,
    "eval_loss": 2.7499420642852783,
    "eval_runtime": 73.3753,
    "eval_samples": 536,
    "eval_samples_per_second": 7.305,
    "eval_steps_per_second": 0.463,
    "perplexity": 15.64172564338194
}