{
    "eval_accuracy": 0.43236850156328116,
    "eval_loss": 2.889275312423706,
    "eval_runtime": 4.3168,
    "eval_samples": 131,
    "eval_samples_per_second": 30.347,
    "eval_steps_per_second": 2.085,
    "perplexity": 17.98027479727648
}