{
    "eval_accuracy": 0.26361241123044155,
    "eval_loss": 6.918145656585693,
    "eval_runtime": 9.5957,
    "eval_samples": 151,
    "eval_samples_per_second": 15.736,
    "eval_steps_per_second": 1.042,
    "perplexity": 1010.4445450210145
}