{
    "eval_accuracy": 0.5236059188287704,
    "eval_loss": 2.134033679962158,
    "eval_runtime": 93.4577,
    "eval_samples": 131,
    "eval_samples_per_second": 1.402,
    "eval_steps_per_second": 0.182,
    "perplexity": 8.448878240576317
}