{
    "eval_accuracy": 0.17884832068530665,
    "eval_loss": 7.904299736022949,
    "eval_runtime": 4.6369,
    "eval_samples": 131,
    "eval_samples_per_second": 28.252,
    "eval_steps_per_second": 1.941,
    "perplexity": 2708.9048993469614
}