{
    "eval_accuracy": 0.5826843526053097,
    "eval_loss": 1.8775538206100464,
    "eval_runtime": 107.4703,
    "eval_samples": 151,
    "eval_samples_per_second": 1.405,
    "eval_steps_per_second": 0.177,
    "perplexity": 6.537493405097572
}