{
    "eval_accuracy": 0.2719310170709444,
    "eval_loss": 6.686282634735107,
    "eval_runtime": 119.4067,
    "eval_samples": 151,
    "eval_samples_per_second": 1.265,
    "eval_steps_per_second": 0.318,
    "perplexity": 801.3378430481824
}