{
    "eval_accuracy": 0.08234706756532917,
    "eval_loss": 8.371403694152832,
    "eval_runtime": 77.1612,
    "eval_samples": 419,
    "eval_samples_per_second": 5.43,
    "eval_steps_per_second": 0.35,
    "perplexity": 4321.698149466878
}