{
    "eval_accuracy": 0.07939427075567043,
    "eval_loss": 7.776982307434082,
    "eval_runtime": 4.0348,
    "eval_samples": 118,
    "eval_samples_per_second": 29.245,
    "eval_steps_per_second": 1.983,
    "perplexity": 2385.0665522347986
}