{
    "eval_accuracy": 0.39304578388061706,
    "eval_loss": 3.0346431732177734,
    "eval_runtime": 118.118,
    "eval_samples": 466,
    "eval_samples_per_second": 3.945,
    "eval_steps_per_second": 0.254,
    "perplexity": 20.793556877553083
}