{
    "eval_accuracy": 0.0634026658380429,
    "eval_loss": 10.91594409942627,
    "eval_runtime": 21.0973,
    "eval_samples": 151,
    "eval_samples_per_second": 7.157,
    "eval_steps_per_second": 0.474,
    "perplexity": 55047.08007545423
}