{
    "eval_accuracy": 0.14032045560797313,
    "eval_loss": 7.712871074676514,
    "eval_runtime": 91.1704,
    "eval_samples": 115,
    "eval_samples_per_second": 1.261,
    "eval_steps_per_second": 0.318,
    "perplexity": 2236.9555136402887
}