{
    "eval_accuracy": 0.3922138637426155,
    "eval_loss": 3.0751898288726807,
    "eval_runtime": 4.2529,
    "eval_samples": 115,
    "eval_samples_per_second": 27.04,
    "eval_steps_per_second": 27.04,
    "perplexity": 21.653992074290425
}