{
    "eval_accuracy": 0.5663772957086352,
    "eval_loss": 2.0039002895355225,
    "eval_runtime": 52.8083,
    "eval_samples": 151,
    "eval_samples_per_second": 2.859,
    "eval_steps_per_second": 0.189,
    "perplexity": 7.417931832365754
}