{
    "eval_accuracy": 0.5421465239880109,
    "eval_loss": 2.2006185054779053,
    "eval_runtime": 21.1839,
    "eval_samples": 151,
    "eval_samples_per_second": 7.128,
    "eval_steps_per_second": 0.472,
    "perplexity": 9.030597246332707
}