{
    "eval_accuracy": 0.06441902468392535,
    "eval_loss": 10.899123191833496,
    "eval_runtime": 21.0631,
    "eval_samples": 151,
    "eval_samples_per_second": 7.169,
    "eval_steps_per_second": 0.475,
    "perplexity": 54128.8823375978
}