{
    "eval_accuracy": 0.3745215965008201,
    "eval_loss": 3.115093231201172,
    "eval_runtime": 4.0015,
    "eval_samples": 118,
    "eval_samples_per_second": 29.489,
    "eval_steps_per_second": 1.999,
    "perplexity": 22.535531270206995
}