{
    "eval_accuracy": 0.057767010922691146,
    "eval_loss": 8.439064979553223,
    "eval_runtime": 8.5037,
    "eval_samples": 115,
    "eval_samples_per_second": 13.524,
    "eval_steps_per_second": 0.941,
    "perplexity": 4624.229213666389
}