{
    "eval_accuracy": 0.5476685245965315,
    "eval_loss": 2.1578619480133057,
    "eval_runtime": 38.7247,
    "eval_samples": 151,
    "eval_samples_per_second": 3.899,
    "eval_steps_per_second": 0.258,
    "perplexity": 8.652618120288382
}