{
    "eval_accuracy": 0.18277472216278806,
    "eval_loss": 6.976469993591309,
    "eval_runtime": 366.5373,
    "eval_samples": 466,
    "eval_samples_per_second": 1.271,
    "eval_steps_per_second": 0.319,
    "perplexity": 1071.1305876474191
}