{
    "eval_accuracy": 0.20147299142620492,
    "eval_loss": 7.775578498840332,
    "eval_runtime": 4.2263,
    "eval_samples": 131,
    "eval_samples_per_second": 30.996,
    "eval_steps_per_second": 2.13,
    "perplexity": 2381.7207243125636
}