{
    "eval_accuracy": 0.04980366817436254,
    "eval_loss": 9.63866901397705,
    "eval_runtime": 4.0306,
    "eval_samples": 118,
    "eval_samples_per_second": 29.276,
    "eval_steps_per_second": 1.985,
    "perplexity": 15346.903618103266
}