{
    "eval_accuracy": 0.35645409811620854,
    "eval_loss": 3.5050911903381348,
    "eval_runtime": 84.1653,
    "eval_samples": 118,
    "eval_samples_per_second": 1.402,
    "eval_steps_per_second": 0.178,
    "perplexity": 33.28447893690535
}