{
    "eval_accuracy": 0.31429440743689835,
    "eval_loss": 6.187742710113525,
    "eval_runtime": 119.3992,
    "eval_samples": 151,
    "eval_samples_per_second": 1.265,
    "eval_steps_per_second": 0.318,
    "perplexity": 486.7461380732676
}