{
    "eval_accuracy": 0.5703391531206101,
    "eval_loss": 1.9788874387741089,
    "eval_runtime": 52.794,
    "eval_samples": 151,
    "eval_samples_per_second": 2.86,
    "eval_steps_per_second": 0.189,
    "perplexity": 7.234689470991141
}