{
    "eval_accuracy": 0.5078611776469447,
    "eval_loss": 2.251420497894287,
    "eval_runtime": 45.9058,
    "eval_samples": 131,
    "eval_samples_per_second": 2.854,
    "eval_steps_per_second": 0.196,
    "perplexity": 9.501222721914056
}