{
    "eval_accuracy": 0.3372171756908185,
    "eval_loss": 3.2591071128845215,
    "eval_runtime": 104.1074,
    "eval_samples": 410,
    "eval_samples_per_second": 3.938,
    "eval_steps_per_second": 0.25,
    "perplexity": 26.02628822731262
}