{
    "eval_accuracy": 0.5493646138807429,
    "eval_loss": 2.133192539215088,
    "eval_runtime": 38.7647,
    "eval_samples": 151,
    "eval_samples_per_second": 3.895,
    "eval_steps_per_second": 0.258,
    "perplexity": 8.441774532848978
}