{
    "eval_accuracy": 0.5064639127873479,
    "eval_loss": 2.4967198371887207,
    "eval_runtime": 4.8741,
    "eval_samples": 151,
    "eval_samples_per_second": 30.98,
    "eval_steps_per_second": 2.052,
    "perplexity": 12.142598864041979
}