{
    "eval_accuracy": 0.399783474705431,
    "eval_loss": 2.919912099838257,
    "eval_runtime": 83.34,
    "eval_samples": 465,
    "eval_samples_per_second": 5.58,
    "eval_steps_per_second": 0.36,
    "perplexity": 18.53965774920719
}