{
    "eval_accuracy": 0.39336129242476797,
    "eval_loss": 2.9994637966156006,
    "eval_runtime": 117.8556,
    "eval_samples": 465,
    "eval_samples_per_second": 3.946,
    "eval_steps_per_second": 0.255,
    "perplexity": 20.074769877233187
}