{
    "eval_accuracy": 0.0814302078448664,
    "eval_loss": 8.182035446166992,
    "eval_runtime": 144.4236,
    "eval_samples": 419,
    "eval_samples_per_second": 2.901,
    "eval_steps_per_second": 0.187,
    "perplexity": 3576.1262703372304
}