{
    "eval_accuracy": 0.4383501499411833,
    "eval_loss": 2.60068416595459,
    "eval_runtime": 21.6518,
    "eval_samples": 118,
    "eval_samples_per_second": 5.45,
    "eval_steps_per_second": 0.369,
    "perplexity": 13.472952617979303
}