{
    "eval_accuracy": 0.28623054006070403,
    "eval_loss": 5.778302192687988,
    "eval_runtime": 57.5537,
    "eval_samples": 419,
    "eval_samples_per_second": 7.28,
    "eval_steps_per_second": 0.469,
    "perplexity": 323.2099760584266
}