{
    "eval_accuracy": 0.05441788027900658,
    "eval_loss": 9.402581214904785,
    "eval_runtime": 16.574,
    "eval_samples": 118,
    "eval_samples_per_second": 7.12,
    "eval_steps_per_second": 0.483,
    "perplexity": 12119.623743851947
}