{
    "eval_accuracy": 0.24672366088440445,
    "eval_loss": 3.9092459678649902,
    "eval_runtime": 4.3565,
    "eval_samples": 118,
    "eval_samples_per_second": 27.086,
    "eval_steps_per_second": 27.086,
    "perplexity": 49.86134074193722
}