{
    "eval_accuracy": 0.2568006740491093,
    "eval_loss": 6.608884334564209,
    "eval_runtime": 421.1839,
    "eval_samples": 536,
    "eval_samples_per_second": 1.273,
    "eval_steps_per_second": 0.318,
    "perplexity": 741.655117991965
}