{
    "eval_accuracy": 0.3486456658152808,
    "eval_loss": 3.3994994163513184,
    "eval_runtime": 14.9778,
    "eval_samples": 465,
    "eval_samples_per_second": 31.046,
    "eval_steps_per_second": 7.812,
    "perplexity": 29.949104262501326
}