{
    "eval_accuracy": 0.30189094534319916,
    "eval_loss": 6.815221786499023,
    "eval_runtime": 4.7324,
    "eval_samples": 151,
    "eval_samples_per_second": 31.908,
    "eval_steps_per_second": 2.113,
    "perplexity": 911.6186780799719
}