{
    "eval_accuracy": 0.23585924686856244,
    "eval_loss": 4.651415824890137,
    "eval_runtime": 13.1664,
    "eval_samples": 419,
    "eval_samples_per_second": 31.823,
    "eval_steps_per_second": 7.975,
    "perplexity": 104.73316447576252
}